Time (s),ESC signal (µs),Servo 1 (µs),Servo 2 (µs),Servo 3 (µs),AccX (g),AccY (g),AccZ (g),Torque (N·m),Thrust (N),Voltage (V),Current (A),Motor Electrical Speed (RPM),Motor Optical Speed (RPM),Electrical Power (W),Mechanical Power (W),Motor Efficiency (%),Propeller Mech. Efficiency (N/W),Overall Efficiency (N/W),Vibration (g),App message,
1.244858050000132,1000,,,,-0.0625,0.01640625,-1.00439453125,0.00010650312832475515,-0.017332168127792095,47.74633857727051,0.007815335988998409,0,0,0.38995773414123813,0,0,0,0,0.0755078125,,
1.1909728000001376,1100,,,,-0.069453125,0.0198828125,-1.0050390625,0.0018399283249786885,-0.028981859698388616,47.740904579162596,0.0666817921400071,0,0,3.1834499139337935,0,0,0,0,0.1225390625,,
7.530820450000127,1193.3333333333317,,,,-0.06904296875,0.02166015625,-1.00109375,0.042264501760018905,1.0707425380057891,47.724075050354,0.18562827229499798,0,0,8.858880432956312,0,0,0,0,0.14421875,,
13.907652050000149,1286.6666666666686,,,,-0.066796875,0.0171484375,-1.001328125,0.18142041934838685,5.497538160345328,47.65333759307861,0.7738531267642973,0,1572,36.87641563202338,29.893373134168748,81.65738923824904,0.20314474633697524,0.15031940584080103,0.2802734375,,
20.284691400000177,1380,,,,-0.067421875,0.01572265625,-1.0019921875,0.41246703448271615,13.315745137208728,47.478974685668945,2.187436531782153,0,1813,103.85559364666962,78.29339401032136,75.9055024330745,0.1703178724603248,0.1289200386900666,0.5644140625,,
26.650409200000148,1473.3333333333328,,,,-0.07509765625,0.01345703125,-0.9959765625,0.6990697451634981,23.223226111855794,47.14755706787109,4.639995225667957,0,2401,218.76234132063175,175.7684248261472,80.5221877601666,0.1322743166987919,0.10633665328759362,0.525703125,,
33.02105325000016,1566.6666666666665,,,,-0.06896484375,0.00759765625,-1.0041796875,1.0805734022703393,36.85002024335867,46.59709510803223,8.833069776296618,0,2971,411.59376475750645,336.1511141031993,81.70096145884418,0.10964353977904492,0.08955557555003164,0.69119140625,,
