Time (s),ESC signal (µs),Servo 1 (µs),Servo 2 (µs),Servo 3 (µs),AccX (g),AccY (g),AccZ (g),Torque (N·m),Thrust (N),Voltage (V),Current (A),Motor Electrical Speed (RPM),Motor Optical Speed (RPM),Electrical Power (W),Mechanical Power (W),Motor Efficiency (%),Propeller Mech. Efficiency (N/W),Overall Efficiency (N/W),Vibration (g),App message,
1.234800450000008,1000,,,,-0.0623828125,0.0212109375,-1.00986328125,0.00016065015739384207,0.05710480003417252,49.86550148010254,0.008542281389236446,0,0,0.43826480784231514,0,0,0,0,0.0702734375,,
1.242443900000136,1100,,,,-0.065390625,0.02314453125,-1.0082421875,0.0038219676948345986,-0.022001558684631717,49.859535217285156,0.0673083060979844,0,0,3.355961771644794,0,0,0,0,0.0938671875,,
7.674456150000093,1193.3333333333317,,,,-0.06673828125,0.020390625,-1.00111328125,0.05189438098628303,1.4799670564274177,49.841236991882326,0.2136300671100616,0,0,10.647536791108202,0,0,0,0,0.15591796875,,
14.022968100000112,1286.6666666666686,,,,-0.074921875,0.0098828125,-0.9951171875,0.22641250844238908,6.96919521213509,49.75800880432129,0.987100806236268,0,1831,49.11591811364701,43.457902091534926,88.77947845060457,0.17842322933308033,0.14246633242896636,0.370859375,,
20.423841450000154,1380,,,,-0.06955078125,0.01873046875,-1.0011328125,0.4948779851578373,15.945446395241689,49.55094425201416,2.7168505871295956,0,2003,134.6213867731315,103.81297785605462,77.35882382228863,0.15379819614482307,0.11875629103996918,0.538984375,,
26.85470570000012,1473.3333333333328,,,,-0.06708984375,0.019765625,-0.99796875,0.8248564282518244,27.696785610414835,49.189494094848634,5.651719492673878,0,2662,278.00441450805164,229.90872064539136,82.73272936739444,0.12136735452929089,0.09967876942741076,0.57501953125,,
33.26070255000013,1566.6666666666665,,,,-0.06701171875,0.000546875,-0.995390625,1.1920188089243755,40.7452955939565,48.63407981872559,9.972535604238514,0,3195,485.00398042812884,398.89670698254844,82.27477361483429,0.10256874878413436,0.08402807682150493,0.821640625,,
